id,title,description,link,condition,price,availability,"image link",brand,"google product category",tax,shipping,"product type","identifier exists"
234,"For Apple iPhone 5S LCD Screen and Digitizer Assembly with Frame Standard Quality -Black","This one has original LCD with quality Digitizer and Touch Screen. The high fit frame and other small parts replacement without home button.",http://www.spidermall.com/for-apple-iphone-5s-lcd-screen-and-digitizer-assembly-with-frame-standard-quality-black.html,New,43.3600,"In Stock",http://www.spidermall.com/media/catalog/product/1/_/1_6.jpg,Spider,7347,US::0:,,"Mobile Phone Replacement Parts",FALSE
233,"For Apple iPhone 5c LCD Screen and Digitizer Assembly with Frame  -Standard Quality-Black","For Apple iPhone 5c LCD Screen and Digitizer Assembly with Frame&nbsp; -Standard Quality-Black

",http://www.spidermall.com/for-apple-iphone-5c-lcd-screen-and-digitizer-assembly-with-frame-standard-quality-black.html,New,43.3600,"In Stock",http://www.spidermall.com/media/catalog/product/i/m/img_6045_1_3.jpg,Spider,7347,US::0:,,"Mobile Phone Replacement Parts",FALSE
232,"For Apple iPhone 5c LCD Screen and Digitizer Assembly with Frame  -Standard Quality-White","For Apple iPhone 5c LCD Screen and Digitizer Assembly with Frame&nbsp; -Standard Quality-White
",http://www.spidermall.com/for-apple-iphone-5c-lcd-screen-and-digitizer-assembly-with-frame-standard-quality-white.html,New,43.3600,"In Stock",http://www.spidermall.com/media/catalog/product/i/m/img_6035_1_1.jpg,Spider,7347,US::0:,,"Mobile Phone Replacement Parts",FALSE
199,"For Apple iPhone 5 LCD Screen and Digitizer Assembly with Frame Replacement –Standard Quality-White","This one has original LCD,aftermarket digitizer and aftermarket flex cable.This iPhone 5 Screen Replacement includes the LCD Screen, Digitizer Touch Panel and Front Frame.",http://www.spidermall.com/for-apple-iphone-5-lcd-screen-and-digitizer-assembly-with-frame-replacement-standard-quality-white.html,New,43.3600,"In Stock",http://www.spidermall.com/media/catalog/product/i/m/img_5941_1_1.jpg,Spider,7347,US::0:,,"Mobile Phone Replacement Parts",FALSE
198,"For Apple iPhone 5c LCD Screen and Digitizer Assembly with Frame  -Generic-White","For Apple iPhone 5c LCD Screen and Digitizer Assembly with Frame&nbsp; -Generic-White

",http://www.spidermall.com/for-apple-iphone-5c-lcd-screen-and-digitizer-assembly-with-frame-generic-white.html,New,22.4900,"In Stock",http://www.spidermall.com/media/catalog/product/i/m/img_6035_1.jpg,Spider,7347,US::0:,,"Mobile Phone Replacement Parts",FALSE
197,"For Apple iPhone 6S LCD Screen and Digitizer Assembly with Frame and Small Parts Replacement (without Home Button) Standard Quality- Black","For Apple iPhone 6S LCD Screen and Digitizer Assembly with Frame and Small Parts Replacement (without Home Button) Standard Quality- Black

",http://www.spidermall.com/for-apple-iphone-6s-lcd-screen-and-digitizer-assembly-with-frame-and-small-parts-replacement-without-home-button-standard-quality-black.html,New,167.2400,"In Stock",http://www.spidermall.com/media/catalog/product/5/_/5_1_4.jpg,Spider,7347,US::0:,,"Mobile Phone Replacement Parts",FALSE
196,"For Apple iPhone 6S LCD Screen and Digitizer Assembly with Frame and Small Parts Replacement (without Home Button) Standard Quality- White","&nbsp;This one have Original LCD Screen, The quality Digitizer Touch Screen, The High fit the Frame and others Small Parts Replacement without home button.",http://www.spidermall.com/for-apple-iphone-6s-lcd-screen-and-digitizer-assembly-with-frame-and-small-parts-replacement-without-home-button-standard-quality-white.html,New,167.2400,"In Stock",http://www.spidermall.com/media/catalog/product/1/_/1_15_1.jpg,Spider,7347,US::0:,,"Mobile Phone Replacement Parts",FALSE
195,"For Apple iPhone SE Screen and Digitizer Assemblywith Small Parts Replacement (no Home Button)  (Standard Quality)","&nbsp;For Apple iPhone SE Screen and Digitizer Assemblywith Small Parts Replacement (no Home Button)&nbsp; ",http://www.spidermall.com/for-apple-iphone-se-screen-and-digitizer-assemblywith-small-parts-replacement-no-home-button-standard-quality.html,New,62.8900,"In Stock",http://www.spidermall.com/media/catalog/product/i/m/img_6003_2.jpg,Spider,7347,US::0:,,"Mobile Phone Replacement Parts",FALSE
194,"For Apple iPhone SE Screen and Digitizer Assemblywith Small Parts Replacement (no Home Button)  (Generic)","&nbsp;For Apple iPhone SE Screen and Digitizer Assemblywith Small Parts Replacement (no Home Button)&nbsp; (Generic)",http://www.spidermall.com/for-apple-iphone-se-screen-and-digitizer-assemblywith-small-parts-replacement-no-home-button-generic.html,New,34.9900,"In Stock",http://www.spidermall.com/media/catalog/product/i/m/img_6003.jpg,Spider,7347,US::0:,,"Mobile Phone Replacement Parts",FALSE
183,"For Apple iPhone 6S LCD Screen and Digitizer Assembly with Frame Replacement - Super High Quality- White","This one have Original LCD Screen, Original Digitizer Touch Screen, The Original the Frame and others Small Parts Replacement without home button.",http://www.spidermall.com/for-apple-iphone-6s-lcd-screen-and-digitizer-assembly-with-frame-replacement-black-super-high-quality-276.html,New,219.6400,"In Stock",http://www.spidermall.com/media/catalog/product/1/_/1_10_3.jpg,Spider,7347,US::0:,,"Mobile Phone Replacement Parts",FALSE
182,"For Apple iPhone 5S LCD Screen and Digitizer Assembly with Frame Generic -Black","This one has high copy LCD with quality Digitizer and Touch Screen. The high fit frame and other small parts replacement without home button.&nbsp;",http://www.spidermall.com/for-apple-iphone-5s-lcd-screen-and-digitizer-assembly-with-frame-generic-black.html,New,22.4900,"In Stock",http://www.spidermall.com/media/catalog/product/i/m/img_5992.jpg,Spider,7347,US::0:,,"Mobile Phone Replacement Parts",FALSE
181,"For Apple iPhone 6 plus LCD Screen, touch and Digitizer Assembly with Frame and Small Parts Replacement (without Home Button) Standard Quality-White","This iPhone 6 plus replacement is&nbsp;Original LCD Screen with high quality Digitizer Touch Screen,
&nbsp;It has strong&nbsp;frame and others Small Parts Replacement without home button.",http://www.spidermall.com/iphone-6-lcd-touch-digitizer-iphone-display-232.html,New,159.9900,"In Stock",http://www.spidermall.com/media/catalog/product/6/_/6_plus_4_.png,Spider,7347,US::0:,,"Mobile Phone Replacement Parts",FALSE
180,"For Apple iPhone 5 LCD Screen and Digitizer Assembly with Frame Replacement –Generic-White","This one is all aftermarket,including LCD,digitizer,flex cable.This iPhone 5 Screen Replacement includes the LCD Screen, Digitizer Touch Panel and Front Frame.&nbsp;",http://www.spidermall.com/for-apple-iphone-5-lcd-screen-and-digitizer-assembly-with-frame-replacement-generic-230.html,New,22.4900,"In Stock",http://www.spidermall.com/media/catalog/product/2/0/2015_04_14_2820_1.jpg,Spider,7347,US::0:,,"Mobile Phone Replacement Parts",FALSE
179,"For Apple iPhone 5 LCD Screen and Digitizer Assembly with Frame andand Small Parts Replacemen Home Button Replacement –Standard Quality Black","This one has original LCD,aftermarket digitizer and aftermarket flex cable.This iPhone 5 Screen Replacement includes the LCD Screen, Digitizer Touch Panel and Front Frame ,home button ,heat shield and front facing camera.&nbsp;",http://www.spidermall.com/for-apple-iphone-5-lcd-screen-and-digitizer-assembly-with-frame-and-home-button-replacement-standard-quality-229.html,New,49.9900,"In Stock",http://www.spidermall.com/media/catalog/product/i/m/img_5975_1_1.jpg,Spider,7347,US::0:,,"Mobile Phone Replacement Parts",FALSE
176,"For Apple iPhone SE Screen and Digitizer Assembly with Frame Replacement (Generic)","&nbsp;
For Apple iPhone SE LCD Screen and Digitizer Assembly with Frame Replacement 5.5 inches(Generic)",http://www.spidermall.com/for-apple-iphone-se-screen-and-digitizer-assembly-with-frame-replacement-generic.html,New,22.4900,"In Stock",http://www.spidermall.com/media/catalog/product/3/_/3_6_5_1.jpg,Spider,7347,US::0:,,"Mobile Phone Replacement Parts",FALSE
175,"For Apple iPhone SE Screen and Digitizer Assembly with Frame Replacement (Standard Quality)","&nbsp;
For Apple iPhone SE LCD Screen and Digitizer Assembly with Frame Replacement 5.5 inches(Standard Quality)",http://www.spidermall.com/for-apple-iphone-se-screen-and-digitizer-assembly-with-frame-replacement-standard-quality.html,New,49.4500,"In Stock",http://www.spidermall.com/media/catalog/product/1/_/1_10_2.jpg,Spider,7347,US::0:,,"Mobile Phone Replacement Parts",FALSE
174,"For Apple iPhone 6S Plus LCD Screen and Digitizer Assembly with Frame Replacement 5.5 inches(Super High Quality )","&nbsp;
For Apple iPhone 6S Plus LCD Screen and Digitizer Assembly with Frame Replacement 5.5 inches(Super High Quality )",http://www.spidermall.com/for-apple-iphone-6s-plus-lcd-screen-and-digitizer-assembly-with-frame-replacement-5-5-inches-super-high-quality.html,New,316.2500,"In Stock",http://www.spidermall.com/media/catalog/product/9/_/9_2_1.jpg,Spider,7347,US::0:,,"Mobile Phone Replacement Parts",FALSE
173,"For Apple iPhone 6S Plus LCD Screen and Digitizer Assembly with Frame Replacement 5.5 inches(Standard Quality)","&nbsp;
For Apple iPhone 6S Plus LCD Screen and Digitizer Assembly with Frame Replacement 5.5 inches(Standard Quality)",http://www.spidermall.com/for-apple-iphone-6s-plus-lcd-screen-and-digitizer-assembly-with-frame-replacement-5-5-inches-standard-quality.html,New,187.5000,"In Stock",http://www.spidermall.com/media/catalog/product/9/_/9_2.jpg,Spider,7347,US::0:,,"Mobile Phone Replacement Parts",FALSE
108,"For iPhone 6s plus LCD Screen and Digitizer Assembly with Frame and Small Parts Replacement (without Home Button) Standard Quality","&nbsp;
Original LCD Screen
high quality Digitizer Touch Screen 
The High fit Frame and others Small Parts Replacement without home button .",http://www.spidermall.com/for-iphone-6s-plus-lcd-screen-and-digitizer-assembly-with-frame-and-small-parts-replacement-without-home-button-standard-quality.html,New,187.5000,"In Stock",http://www.spidermall.com/media/catalog/product/j/j/jjj.png,Spider,7347,US::0:,,"Mobile Phone Replacement Parts",FALSE
107,"For Apple iPhone 6 plus LCD Screen, touch and Digitizer Assembly with Frame and Small Parts Replacement (without Home Button) Standard Quality","This iPhone 6 plus replacement is&nbsp;Original LCD Screen with high copy Digitizer Touch Screen,
&nbsp;It has strong&nbsp;frame and others Small Parts Replacement without home button.",http://www.spidermall.com/iphone-6-lcd-touch-digitizer-iphone-display-233.html,New,159.9900,"In Stock",http://www.spidermall.com/media/catalog/product/6/_/6_plus__4.jpg,Spider,7347,US::0:,,"Mobile Phone Replacement Parts",FALSE
106,"For Apple iPhone 6 LCD Screen and Digitizer Assembly with Frame and Small Parts (no Home Button) Generic -- Black & White","This one have qualified LCD Screen, Digitizer Touch Screen The High fit Frame and other small parts replacement",http://www.spidermall.com/for-apple-iphone-6-lcd-screen-and-digitizer-assembly-with-frame-and-small-parts-no-home-button-generic-black-white.html,New,55.2400,"In Stock",http://www.spidermall.com/media/catalog/product/i/m/img_5950_2_3.jpg,Spider,7347,US::0:,,"Mobile Phone Replacement Parts",FALSE
104,"For Apple iPhone 5c LCD Screen and Digitizer Assembly with Frame and Small Parts Replacement -Generic-Black","&nbsp;This one is all aftermarket,including LCD,digitizer,flex cable.This iPhone 5c Screen Replacement includes the LCD Screen, Digitizer Touch Panel and Front Frame ,home button ,heat shield and front facing camera.
",http://www.spidermall.com/for-apple-iphone-5c-lcd-screen-and-digitizer-assembly-with-frame-and-small-parts-replacement-generic-with-home-button.html,New,34.9900,"In Stock",http://www.spidermall.com/media/catalog/product/a/s/assembled_iphone_5c_lcd_screen_black_05_2.jpg,Spider,7347,US::0:,,"Mobile Phone Replacement Parts",FALSE
103,"For Apple iPhone 5c LCD Screen and Digitizer Assembly with Frame and Small Parts Replacement -Standard Quality -Black","

This one has original LCD,aftermarket digitizer and aftermarket flex cable.This iPhone 5 Screen Replacement includes the LCD Screen, Digitizer Touch Panel and Front Frame ,home button ,heat shield and front facing camera.&nbsp;


&nbsp;
",http://www.spidermall.com/for-apple-iphone-5c-lcd-screen-and-digitizer-assembly-with-frame-and-small-parts-replacement-standard-quality-black.html,New,49.9900,"In Stock",http://www.spidermall.com/media/catalog/product/a/s/assembled_iphone_5c_lcd_screen_black_01_1.jpg,Spider,7347,US::0:,,"Mobile Phone Replacement Parts",FALSE
102,"For Apple iPhone 6 PLUS LCD Screen, touch and Digitizer Assembly with Frame and Small Parts Replacement (without Home Button) Generic-Black","Everything aftermarket. ( including LCD, Digitizer, flex cable ) &nbsp;LCD Screen and Digitizer Assembly with Frame Replacementfor iPhone 6. Using High quality Tianma screen , Very close to the original quality. More strict quality control.",http://www.spidermall.com/for-apple-iphone-6-plus-lcd-screen-touch-and-digitizer-assembly-with-frame-and-small-parts-replacement-without-home-button-generic-black.html,New,92.1100,"In Stock",http://www.spidermall.com/media/catalog/product/6/_/6_plus_7__2.png,Spider,7347,US::0:,,"Mobile Phone Replacement Parts",FALSE
101,"For Apple iPhone 5c LCD Screen and Digitizer Assembly with Frame  -Generic-Black","For Apple iPhone 5c LCD Screen and Digitizer Assembly with Frame&nbsp; -Generic-Black

",http://www.spidermall.com/for-apple-iphone-5c-lcd-screen-and-digitizer-assembly-with-frame-generic-black.html,New,22.4900,"In Stock",http://www.spidermall.com/media/catalog/product/i/m/img_6045_1.jpg,Spider,7347,US::0:,,"Mobile Phone Replacement Parts",FALSE
100,"For Apple iPhone 6 PLUS LCD Screen, touch and Digitizer Assembly with Frame and Small Parts Replacement (without Home Button) Super High Quality","Original LCD Screen and Original Digitizer Assembly with Frame Replacement for iPhone 6 Plus. More strict quality control, Perfect Compatibility the iPhone 6 Plus.",http://www.spidermall.com/for-apple-iphone-6-plus-lcd-screen-touch-and-digitizer-assembly-with-frame-and-small-parts-replacement-without-home-button-generic-quality-211.html,New,202.5000,"In Stock",http://www.spidermall.com/media/catalog/product/6/_/6_plus__3.jpg,Spider,7347,US::0:,,"Mobile Phone Replacement Parts",FALSE
98,"For Apple iPhone 6 PLUS LCD Screen, touch and Digitizer Assembly with Frame and Small Parts Replacement (without Home Button) Super High Quality","Original LCD Screen and Original Digitizer Assembly with Frame Replacement for iPhone 6 Plus. More strict quality control, Perfect Compatibility the iPhone 6 Plus.",http://www.spidermall.com/for-apple-iphone-6-plus-lcd-screen-touch-and-digitizer-assembly-with-frame-and-small-parts-replacement-without-home-button-generic-quality-210.html,New,181.0800,"In Stock",http://www.spidermall.com/media/catalog/product/2/0/2015_04_13_2711_5_1_1.jpg,Spider,7347,US::0:,,"Mobile Phone Replacement Parts",FALSE
96,"For Apple iPhone 5c LCD Screen and Digitizer Assembly with Frame and Small Parts Replacement -Generic-White","This one is all aftermarket,including LCD,digitizer,flex cable.This iPhone 5 Screen Replacement includes the LCD Screen, Digitizer Touch Panel and Front Frame.&nbsp;
",http://www.spidermall.com/for-apple-iphone-5c-lcd-screen-and-digitizer-assembly-with-frame-and-small-parts-replacement-generic-white.html,New,34.9900,"In Stock",http://www.spidermall.com/media/catalog/product/i/m/img_5978_3.jpg,Spider,7347,US::0:,,"Mobile Phone Replacement Parts",FALSE
95,"For Apple iPhone 6 PLUS LCD Screen, touch and Digitizer Assembly with Frame and Small Parts Replacement (without Home Button) Generic -White","&nbsp;LCD Screen and Digitizer Assembly with Frame Replacement for iPhone 6 PLUS. Using High quality Tianma screen , Very close to the original quality. More strict quality control.",http://www.spidermall.com/for-apple-iphone-6-plus-lcd-screen-touch-and-digitizer-assembly-with-frame-and-small-parts-replacement-without-home-button-generic-quality.html,New,92.1100,"In Stock",http://www.spidermall.com/media/catalog/product/6/_/6_plus_4__3.png,Spider,7347,US::0:,,"Mobile Phone Replacement Parts",FALSE
94,"For iPhone 6 LCD Display and Digitizer Replacement  with Small Parts Replacement (no Home Button) Super High Quality","This one have Original LCD Screen,&nbsp;original &nbsp;Digitizer Touch Screen&nbsp; Frame and others Small Parts Replacement without home button .",http://www.spidermall.com/for-iphone-6-lcd-display-and-digitizer-replacement-with-small-parts-replacement-no-home-button-super-high-quality.html,New,151.0800,"In Stock",http://www.spidermall.com/media/catalog/product/i/m/img_5925_1_2.jpg,Spider,7347,US::0:,,"Mobile Phone Replacement Parts",FALSE
93,"For Apple iPhone 5S LCD Screen and Digitizer Assembly with Frame and Small Parts Replacement -Generic (without Home Button) ","This one has high copy LCD with quality Digitizer and Touch Screen. The high fit frame and other small parts replacement without home button.",http://www.spidermall.com/for-apple-iphone-5s-lcd-screen-and-digitizer-assembly-with-frame-and-small-parts-replacement-generic-without-home-button.html,New,34.9900,"In Stock",http://www.spidermall.com/media/catalog/product/1/_/1_4.jpg,Spider,7347,US::0:,,"Mobile Phone Replacement Parts",FALSE
92,"For Apple iPhone 5S LCD Screen and Digitizer Assembly with Frame and Small Parts Replacement Standard Quality(without Home Button) -White","This one has original LCD with quality Digitizer and Touch Screen. The high fit frame and other small parts replacement without home button.",http://www.spidermall.com/for-apple-iphone-5s-lcd-screen-and-digitizer-assembly-with-frame-and-small-parts-replacement-standard-quality-without-home-button.html,New,49.9900,"In Stock",http://www.spidermall.com/media/catalog/product/i/m/img_6013_3.jpg,Spider,7347,US::0:,,"Mobile Phone Replacement Parts",FALSE
89,"For Apple iPhone 6S LCD Screen and Digitizer Assembly with Frame Replacement - Super High Quality- Black ","This one have Original LCD Screen, Original Digitizer Touch Screen, The Original the Frame and others Small Parts Replacement without home button.",http://www.spidermall.com/for-apple-iphone-6s-lcd-screen-and-digitizer-assembly-with-frame-replacement-black-super-high-quality.html,New,219.6400,"In Stock",http://www.spidermall.com/media/catalog/product/q/q/qq_20160301152204_2.jpg,Spider,7347,US::0:,,"Mobile Phone Replacement Parts",FALSE
87,"For Apple iPhone 5S LCD Screen and Digitizer Assembly with Frame Generic -White","This one has high copy LCD with quality Digitizer and Touch Screen. The high fit frame and other small parts replacement without home button.&nbsp;",http://www.spidermall.com/for-apple-iphone-5s-lcd-screen-and-digitizer-assembly-with-frame-generic.html,New,22.4900,"In Stock",http://www.spidermall.com/media/catalog/product/1/_/1_1.jpg,Spider,7347,US::0:,,"Mobile Phone Replacement Parts",FALSE
86,"For Apple iPhone 5c LCD Screen and Digitizer Assembly with Frame and Small Parts Replacement -Standard Quality-White","This one has original LCD,aftermarket digitizer and aftermarket flex cable.This iPhone 5 Screen Replacement includes the LCD Screen, Digitizer Touch Panel and Front Frame.",http://www.spidermall.com/for-apple-iphone-5c-lcd-screen-and-digitizer-assembly-with-frame-and-small-parts-replacement-standard-quality-white.html,New,49.9900,"In Stock",http://www.spidermall.com/media/catalog/product/i/m/img_6013_4.jpg,Spider,7347,US::0:,,"Mobile Phone Replacement Parts",FALSE
84,"For Apple iPhone 6 plus LCD Screen, touch and Digitizer Assembly with Frame and Small Parts Replacement (without Home Button) Standard Quality-Black","This iPhone 6 plus replacement is&nbsp;Original LCD Screen with high quality Digitizer Touch Screen,
&nbsp;It has strong&nbsp;frame and others Small Parts Replacement without home button.",http://www.spidermall.com/iphone-6-lcd-touch-digitizer-iphone-display.html,New,181.0800,"In Stock",http://www.spidermall.com/media/catalog/product/6/_/6_plus_7__1.png,Spider,7347,US::0:,,"Mobile Phone Replacement Parts",FALSE
83,"For Apple iPhone 5 LCD Screen and Digitizer Assembly with Frame andand Small Parts Replacement with Home Button Replacement –Generic","&nbsp;
This one is all aftermarket,including LCD,digitizer,flex cable.This iPhone 5 Screen Replacement includes the LCD Screen, Digitizer Touch Panel and Front Frame ,home button ,heat shield and front facing camera.",http://www.spidermall.com/for-apple-iphone-5-lcd-screen-and-digitizer-assembly-with-frame-and-home-button-replacement-generic.html,New,34.9900,"In Stock",http://www.spidermall.com/media/catalog/product/i/m/img_5978-1_2.jpg,Spider,7347,US::0:,,"Mobile Phone Replacement Parts",FALSE
82,"For Apple iPhone 5 LCD Screen and Digitizer Assembly with Frame Replacement –Generic-Black","This one is all aftermarket,including LCD,digitizer,flex cable.This iPhone 5 Screen Replacement includes the LCD Screen, Digitizer Touch Panel and Front Frame.&nbsp;",http://www.spidermall.com/for-apple-iphone-5-lcd-screen-and-digitizer-assembly-with-frame-replacement-generic.html,New,22.4900,"In Stock",http://www.spidermall.com/media/catalog/product/2/0/2015_04_14_2824.jpg,Spider,7347,US::0:,,"Mobile Phone Replacement Parts",FALSE
81,"For Apple iPhone 6S LCD Screen and Digitizer Assembly with Frame Replacement  - Standard Quality- White","&nbsp;This one have Original LCD Screen, The quality Digitizer Touch Screen, The High fit the Frame and others Small Parts Replacement without home button.",http://www.spidermall.com/for-apple-iphone-6s-lcd-screen-and-digitizer-assembly-with-frame-replacement-white-standard-quality.html,New,124.9000,"In Stock",http://www.spidermall.com/media/catalog/product/q/q/qq_20160301152230_1.jpg,Spider,7347,US::0:,,"Mobile Phone Replacement Parts",FALSE
80,"For Apple iPhone 5 LCD Screen and Digitizer Assembly with Frame andand Small Parts Replacemen Home Button Replacement –Standard Quality Black","This one has original LCD,aftermarket digitizer and aftermarket flex cable.This iPhone 5 Screen Replacement includes the LCD Screen, Digitizer Touch Panel and Front Frame ,home button ,heat shield and front facing camera.&nbsp;",http://www.spidermall.com/for-apple-iphone-5-lcd-screen-and-digitizer-assembly-with-frame-and-home-button-replacement-standard-quality.html,New,49.9900,"In Stock",http://www.spidermall.com/media/catalog/product/i/m/img_5975_1.jpg,Spider,7347,US::0:,,"Mobile Phone Replacement Parts",FALSE
79,"For Apple iPhone 5 LCD Screen and Digitizer Assembly with Frame Replacement –Standard Quality-Black","This one has original LCD,aftermarket digitizer and aftermarket flex cable.This iPhone 5 Screen Replacement includes the LCD Screen, Digitizer Touch Panel and Front Frame.",http://www.spidermall.com/for-apple-iphone-5-lcd-screen-and-digitizer-assembly-with-frame-replacement-standard-quality.html,New,43.3600,"In Stock",http://www.spidermall.com/media/catalog/product/i/m/img_5963.jpg,Spider,7347,US::0:,,"Mobile Phone Replacement Parts",FALSE
78,"For Apple iPhone 5S LCD Screen and Digitizer Assembly with Frame Standard Quality -White","This one has original LCD with quality Digitizer and Touch Screen. The high fit frame and other small parts replacement without home button.",http://www.spidermall.com/for-apple-iphone-5s-lcd-screen-and-digitizer-assembly-with-frame-standard-quality-white.html,New,43.3600,"In Stock",http://www.spidermall.com/media/catalog/product/i/m/img_6013_5.jpg,Spider,7347,US::0:,,"Mobile Phone Replacement Parts",FALSE
75,"For Apple iPhone 5 LCD Screen and Digitizer Assembly with Frame and Home Button Replacement –Super High Quality","&nbsp;This one is 100% original,including LCD,digitizer,flex cable.This iPhone 5 Screen Replacement includes the LCD Screen, Digitizer Touch Panel and Front Frame ,home button ,heat shield and front facing camera.",http://www.spidermall.com/for-apple-iphone-5-lcd-screen-and-digitizer-assembly-with-frame-and-home-button-replacement-super-high-quality.html,New,69.6400,"In Stock",http://www.spidermall.com/media/catalog/product/i/m/img_5975.jpg,Spider,7347,US::0:,,"Mobile Phone Replacement Parts",FALSE
72,"For Apple iPhone 5 LCD Screen and Digitizer Assembly with Frame Replacement –Super High Quality-Black","This one is 100% original,including LCD,digitizer,flex cable.This iPhone 5 Screen Replacement includes the LCD Screen, Digitizer Touch Panel and Front Frame.&nbsp;",http://www.spidermall.com/for-apple-iphone-5-lcd-screen-and-digitizer-assembly-with-frame-replacement-super-high-quality.html,New,69.1100,"In Stock",http://www.spidermall.com/media/catalog/product/i/m/img_5963_1.jpg,Spider,7347,US::0:,,"Mobile Phone Replacement Parts",FALSE
65,"For Apple iPhone 6S LCD Screen and Digitizer Assembly with Frame Replacement - Black - Standard Quality","This one have Original LCD Screen, The quality Digitizer Touch Screen, The High fit the Frame and others Small Parts Replacement without home button.

",http://www.spidermall.com/for-apple-iphone-6s-lcd-screen-and-digitizer-assembly-with-frame-replacement-black-standard-quality.html,New,124.9000,"In Stock",http://www.spidermall.com/media/catalog/product/q/q/qq_20160301152230.jpg,Spider,7347,US::0:,,"Mobile Phone Replacement Parts",FALSE
54,"For Apple iPhone 6 LCD Screen and Digitizer Assembly with Frame and Small Parts Replacement (without Home Button) Super High Quality White","This iPhone 6 LCD Assembly is 100% brand new and original replacement. Original LCD Screen,original Digitizer Touch Screen and original others Small Parts Replacement without home button",http://www.spidermall.com/for-apple-iphone-6-lcd-screen-and-digitizer-assembly-with-frame-and-small-parts-replacement-without-home-button-super-high-quality-white.html,New,160.1800,"In Stock",http://www.spidermall.com/media/catalog/product/i/m/img_5950_1.jpg,Spider,7347,US::0:,,"Mobile Phone Replacement Parts",FALSE
53,"For Apple iPhone 6 LCD Screen and Digitizer Assembly with Frame and Small Parts Replacement (without Home Button) Super High Quality Black","This iPhone 6 LCD Assembly is 100% brand new and original replacement. Original LCD Screen,original Digitizer Touch Screen and original others Small Parts Replacement without home button",http://www.spidermall.com/for-apple-iphone-6-lcd-screen-and-digitizer-assembly-with-frame-and-small-parts-replacement-without-home-button-super-high-quality-black.html,New,160.1800,"In Stock",http://www.spidermall.com/media/catalog/product/i/m/img_5925_2.jpg,Spider,7347,US::0:,,"Mobile Phone Replacement Parts",FALSE
52,"For Apple iPhone 6 LCD Screen and Digitizer Assembly with Frame and Small Parts Replacement (without Home Button) Standard Quality White","This one have Original LCD Screen, The quality Digitizer Touch Screen The High fit the Frame and others Small Parts Replacement without home button .",http://www.spidermall.com/for-apple-iphone-6-lcd-screen-and-digitizer-assembly-with-frame-and-small-parts-replacement-without-home-button-standard-quality-white.html,New,124.4900,"In Stock",http://www.spidermall.com/media/catalog/product/i/m/img_5950.jpg,Spider,7347,US::0:,,"Mobile Phone Replacement Parts",FALSE
51,"For Apple iPhone 6 LCD Screen and Digitizer Assembly with Frame and Small Parts Replacement (without Home Button) Standard Quality Black","This one have Original LCD Screen, The quality Digitizer Touch Screen The High fit the Frame and others Small Parts Replacement without home button .",http://www.spidermall.com/for-apple-iphone-6-lcd-screen-and-digitizer-assembly-with-frame-and-small-parts-replacement-without-home-button-standard-quality-black.html,New,124.4900,"In Stock",http://www.spidermall.com/media/catalog/product/i/m/img_5925.jpg,Spider,7347,US::0:,,"Mobile Phone Replacement Parts",FALSE
50,"For Apple iPhone 6 LCD Screen and Digitizer Assembly with Frame Replacement 4.7 inches(Super High Quality) Black","Original LCD Screen and Original Digitizer Assembly with Frame Replacement for iPhone 6. More strict quality control, Perfect Compatibility the iPhone 6.",http://www.spidermall.com/for-apple-iphone-6-lcd-screen-and-digitizer-assembly-with-frame-replacement-4-7-inches-super-high-quality-white-217.html,New,155.3600,"In Stock",http://www.spidermall.com/media/catalog/product/i/m/img_5913_3.jpg,Spider,7347,US::0:,,"Mobile Phone Replacement Parts",FALSE
49,"For Apple iPhone 6 LCD Screen and Digitizer Assembly with Frame Replacement 4.7 inches(Super High Quality) White","Original LCD Screen and Original Digitizer Assembly with Frame Replacement for iPhone 6. More strict quality control, Perfect Compatibility the iPhone 6.",http://www.spidermall.com/for-apple-iphone-6-lcd-screen-and-digitizer-assembly-with-frame-replacement-4-7-inches-super-high-quality-white.html,New,155.8900,"In Stock",http://www.spidermall.com/media/catalog/product/2/0/2015_04_17_2877_2.jpg,Spider,7347,US::0:,,"Mobile Phone Replacement Parts",FALSE
48,"For Apple iPhone 6 LCD Screen and Digitizer Assembly with Frame Replacement 4.7 inches(Standard Quality) Black","LCD Screen and Digitizer Assembly with Frame Replacement for iPhone 6. Using origina screen , More strict quality control.Have a good product experience.
&nbsp;",http://www.spidermall.com/for-apple-iphone-6-lcd-screen-and-digitizer-assembly-with-frame-replacement-4-7-inches-standard-quality-black.html,New,99.9900,"In Stock",http://www.spidermall.com/media/catalog/product/i/m/img_5913_2.jpg,Spider,7347,US::0:,,"Mobile Phone Replacement Parts",FALSE
47,"For Apple iPhone 6 LCD Screen and Digitizer Assembly with Frame Replacement 4.7 inches(Standard Quality) White","LCD Screen and Digitizer Assembly with Frame Replacement for iPhone 6. Using origina screen , More strict quality control.Have a good product experience.
&nbsp;",http://www.spidermall.com/for-apple-iphone-6-lcd-screen-and-digitizer-assembly-with-frame-replacement-4-7-inches-standard-quality-white.html,New,99.9900,"In Stock",http://www.spidermall.com/media/catalog/product/2/0/2015_04_17_2877.jpg,Spider,7347,US::0:,,"Mobile Phone Replacement Parts",FALSE
30,"For Apple iPhone 6 LCD Screen and Digitizer Assembly with Frame Replacement 4.7 inches(Generic) White","LCD Screen and Digitizer Assembly with Frame Replacementfor iPhone 6. Using High quality Tianma screen , Very close to the original quality. More strict quality control.",http://www.spidermall.com/for-apple-iphone-6-lcd-screen-and-digitizer-assembly-with-frame-replacement-4-7-inches-generic-white.html,New,31.9900,"In Stock",http://www.spidermall.com/media/catalog/product/i/m/img_5922.jpg,Spider,7347,US::0:,,"Mobile Phone Replacement Parts",FALSE
29,"For Apple iPhone 6 LCD Screen and Digitizer Assembly with Frame Replacement 4.7 inches(Generic) Black","LCD Screen and Digitizer Assembly with Frame Replacementfor iPhone 6. Using High quality Tianma screen , Very close to the original quality. More strict quality control.",http://www.spidermall.com/for-apple-iphone-6-lcd-screen-and-digitizer-assembly-with-frame-replacement-4-7-inches-generic-black.html,New,31.9900,"In Stock",http://www.spidermall.com/media/catalog/product/i/m/img_5913.jpg,Spider,7347,US::0:,,"Mobile Phone Replacement Parts",FALSE
28,"For Apple iPhone 6 Plus LCD Screen and Digitizer Assembly with Frame Replacement 5.5 inches(Super High Quality) White","Original LCD Screen and Original Digitizer Assembly with Frame Replacement for iPhone 6 Plus. More strict quality control, Perfect Compatibility the iPhone 6 Plus.",http://www.spidermall.com/for-apple-iphone-6-plus-lcd-screen-and-digitizer-assembly-with-frame-replacement-5-5-inches-super-high-quality-white.html,New,151.0800,"In Stock",http://www.spidermall.com/media/catalog/product/6/_/6_plus__2.jpg,Spider,7347,US::0:,,"Mobile Phone Replacement Parts",FALSE
27,"For Apple iPhone 6 Plus LCD Screen and Digitizer Assembly with Frame Replacement 5.5 inches(Super High Quality) Black","Original LCD Screen and Original Digitizer Assembly with Frame Replacement for iPhone 6 Plus. More strict quality control, Perfect Compatibility the iPhone 6 Plus.",http://www.spidermall.com/for-apple-iphone-6-plus-lcd-screen-and-digitizer-assembly-with-frame-replacement-5-5-inches-super-high-quality-black.html,New,151.0800,"In Stock",http://www.spidermall.com/media/catalog/product/2/0/2015_04_13_2737_3.jpg,Spider,7347,US::0:,,"Mobile Phone Replacement Parts",FALSE
26,"For Apple iPhone 6 Plus LCD Screen and Digitizer Assembly with Frame Replacement 5.5 inches(Standard Quality) White","For Apple iPhone 6 Plus LCD Screen and Digitizer Assembly with Frame Replacement 5.5 inches(Standard Quality) white",http://www.spidermall.com/for-apple-iphone-6-plus-lcd-screen-and-digitizer-assembly-with-frame-replacement-5-5-inches-standard-quality-white.html,New,151.0800,"In Stock",http://www.spidermall.com/media/catalog/product/6/_/6_plus__1.jpg,Spider,7347,US::0:,,"Mobile Phone Replacement Parts",FALSE
25,"For Apple iPhone 6 Plus LCD Screen and Digitizer Assembly with Frame Replacement 5.5 inches(Standard Quality) Black","For Apple iPhone 6 Plus LCD Screen and Digitizer Assembly with Frame Replacement 5.5 inches(Standard Quality) Black",http://www.spidermall.com/for-apple-iphone-6-plus-lcd-screen-and-digitizer-assembly-with-frame-replacement-5-5-inches-standard-quality-black.html,New,151.0800,"In Stock",http://www.spidermall.com/media/catalog/product/2/0/2015_04_13_2737_2.jpg,Spider,7347,US::0:,,"Mobile Phone Replacement Parts",FALSE
24,"For Apple iPhone 6 Plus LCD Screen and Digitizer Assembly with Frame Replacement 5.5 inches(Generic) White","For Apple iPhone 6 Plus LCD Screen and Digitizer Assembly with Frame Replacement 5.5 inches(Generic)White",http://www.spidermall.com/for-apple-iphone-6-plus-lcd-screen-and-digitizer-assembly-with-frame-replacement-5-5-inches-generic-white.html,New,52.4900,"In Stock",http://www.spidermall.com/media/catalog/product/6/_/6_plus_.jpg,Spider,7347,US::0:,,"Mobile Phone Replacement Parts",FALSE
23,"For Apple iPhone 6 Plus LCD Screen and Digitizer Assembly with Frame Replacement 5.5 inches(Generic) Black","For Apple iPhone 6 Plus LCD Screen and Digitizer Assembly with Frame Replacement 5.5 inches(Generic)",http://www.spidermall.com/for-apple-iphone-6-plus-lcd-screen-and-digitizer-assembly-with-frame-replacement-5-5-inches-generic-black.html,New,52.4900,"In Stock",http://www.spidermall.com/media/catalog/product/2/0/2015_04_13_2737.jpg,Spider,7347,US::0:,,"Mobile Phone Replacement Parts",FALSE
